{
  "openapi": "3.1.0",
  "info": {
    "title": "Business Context API",
    "description": "This API calls generate random context function and returns business context based on the provided query.",
    "version": "1.0.0"
  },
  "paths": {
    "/get-business-context": {
      "post": {
        "requestBody": {
          "required": true,
          "content": {
            "application/json": {
              "schema": {
                "type": "object",
                "properties": {
                  "user_context": {
                    "type": "string",
                    "description": "The business context."
                  }
                }
              }
            }
          }
        },
        "responses": {
          "200": {
            "description": "Successful response with the generated business context.",
            "content": {
              "application/json": {
                "schema": {
                  "type": "object",
                  "properties": {
                    "context": {
                      "type": "object",
                      "properties": {
                        "@context": {
                          "type": "string"
                        },
                        "@type": {
                          "type": "string"
                        },
                        "query": {
                          "type": "string"
                        },
                        "entities": {
                          "type": "object",
                          "properties": {
                            "entity1": {
                              "type": "string"
                            },
                            "entity2": {
                              "type": "string"
                            }
                          }
                        },
                        "metadata": {
                          "type": "object",
                          "properties": {
                            "timestamp": {
                              "type": "string",
                              "format": "date-time"
                            },
                            "source": {
                              "type": "string"
                            }
                          }
                        }
                      }
                    }
                  }
                }
              }
            }
          },
          "400": {
            "description": "Bad request due to missing or invalid user context.",
            "content": {
              "application/json": {
                "schema": {
                  "type": "object",
                  "properties": {
                    "error": {
                      "type": "string"
                    }
                  }
                }
              }
            }
          },
          "500": {
            "description": "Internal server error.",
            "content": {
              "application/json": {
                "schema": {
                  "type": "object",
                  "properties": {
                    "error": {
                      "type": "string"
                    }
                  }
                }
              }
            }
          }
        }
      }
    }
  }
}
